{"cameraMode":{"drawMode":0,"name":"Shaded","section":"Shading Mode"},"sceneLighting":false,"audioPlay":false,"sceneViewState":{"showFog":true,"showMaterialUpdate":false,"showSkybox":false,"showFlares":true,"showImageEffects":true,"showParticleSystems":true},"in2DMode":false,"pivot":{"x":1.6256479024887086,"y":0.8184103965759277,"z":-0.8985744714736939},"rotation":{"x":0.0016615946078673006,"y":-0.9973127245903015,"z":-0.023940090090036393,"w":-0.06922071427106857},"size":2.1938517093658449,"orthographic":false}